Example,Location,Manual assessment,Notes,Quality,LR genotype,GIAB genotype,Supporting reads/Total reads Hap0,Supporting reads/Total reads Hap1,Supporting reads/Total reads PB,Supporting reads/Total reads TrueSeq,Image filename
1,chr1: 569427:C:T,TP,n/a,1205.77,0/1,./.,15/15,25/25,7/52,13/14,chr1_569427.png
2,chr2:21106587:T:C,TP,n/a,578.77,0/1,./.,10/10,20/20,1/25,13/29,chr2_21106587.png
3,chr2:120171025:G:A,TP,n/a,164.77,0/1,./.,0/20,15/16,0/41,22/53,chr2_120171025.png
4,chr1:91227215:G:A,FP,"There is a call but the genotype is incorrect, all reads unphased",673.77,0/1,1/1,0,0,42/43,36/36,chr1_91227215.png
5,chr1:174312140:G:A,FP,Some A support in unphased. Mosaic?,190.77,0/1,./.,0/12,0/5,2/49,1/36,chr1_174312140.png
6,chr10:31964340:G:C,TP,n/a,606.77,0/1,./.,0/14,9/9,0/60,9/33,chr10_31964340.png
7,chr10:120532871:T:A,FP,n/a,127.77,0/1,./.,0/0,0/0,2/50,0/22,chr10_120532871.png
8,chr13:69502758:G:T,FP,n/a,391.77,0/1,./.,0/0,0/0,1/55,0/21,chr13_69502758.png
9,chr14:59356314:C:A,TP,Unphased reads also support call,678.78,1|1,0/1,0/1,3/3,34/52,21/21,chr14_59356314.png
10,chr15:72150190:T:C,FP,Mosaic?,67.77,0/1,./.,4/7,0/17,0/48,6/38,chr15_72150190.png
11,chr17:1132584:C:T,TP,n/a,415.77,1/1,0/1,0/6,4/4,19/47,10/24,chr17_1132584.png
12,chr18:4101856:G:A,FP,n/a,85.77,0/1,./.,4/24,1/14,0/49,1/23,chr18_4101856.png
13,chr18:41688063:G:A,TP,n/a,733.77,0/1,./.,11/11,0/16,3/48,13/25,chr18_41688063.png
14,chr19:16496584:T:A ,FP,n/a,60 ,0/1,./.,0/7,0/6,0/63,4/31,chr19_16496584.png
15,chr2:10614364:G:A,TP,n/a,161.77,0/1,./.,0/13,16/16,5/34,16/30,chr2_10614364.png
16,chr2:120171060:A:C,TP,n/a,198.77,0/1,./.,0/25,16/16,1/42,24/59,chr2_120171060.png
17,chr2:153864925:A:G,TP,n/a,101.77,0/1,./.,0/9,2/2,13/33,0/4,chr2_153864925.png
18,chr2:242916020:T:C,TP,n/a,450.77,0/1,1/1,9/9,0/13,15/45,8/21,chr2_242916020.png
19,chr3:8963428:C:T,FP,n/a,76.77,0/1,./.,0/0,0/0,0/38,1/25,chr3_8963428.png
20,chr3:119160680:G:A,TP,n/a,429.77,0/1,./.,8/8,0/17,5/49,14/26,chr3_119160680.png
21,chr4:65497558:A:C,TP,n/a,547.77,0/1,./.,0/16,12/12,0/37,14/39,chr4_65497558.png
22,chr5:8079967:A:G,?,"calls consistent, 10xLR coverage very high",1174,0/1,1/1,~200/202,~200/200,42/47,28/28,chr5_8079967.png
23,chr5:72174473:G:A,FP,n/a,67.77,0/1,./.,1/10,4/16,0/42,0/23,chr5_72174473.png
24,chr6:19909664:A:C,FP,n/a,367.77,0/1,./.,0/22,0/10,0/67,0/24,chr6_19909664.png
25,chr7:2406995:A:C,FP,n/a,45.77,0/1,./.,0/7,0/5,1/38,3/27,chr7_2406995.png